Date,Open,High,Low,Close,Volume
1/2/2015 16:00:00,52.6,53.43,52.51,52.98,250080
1/5/2015 16:00:00,52.64,53.26,51.49,51.87,355254
1/6/2015 16:00:00,51.86,51.86,50.24,50.83,379496
1/7/2015 16:00:00,51.1,51.45,50.29,51.33,359881
1/8/2015 16:00:00,51.56,52.39,50.92,51.33,387862
1/9/2015 16:00:00,51.33,51.4,50.24,50.47,311869
1/12/2015 16:00:00,50.48,50.66,49.06,50.52,372002
1/13/2015 16:00:00,50.62,51.45,50,50.54,444103
1/14/2015 16:00:00,50.3,50.73,49.11,49.63,482630
1/15/2015 16:00:00,49.94,51.19,49.38,50.74,634770
1/16/2015 16:00:00,50.5,50.75,50.33,50.35,509466
1/19/2015 16:00:00,50.3,50.9,50.19,50.66,179388
1/20/2015 16:00:00,51.01,51.05,49.75,50.01,479399
1/21/2015 16:00:00,50.24,50.84,49.75,50.55,459155
1/22/2015 16:00:00,50.58,51.4,50.58,50.9,826967
1/23/2015 16:00:00,50.92,51.94,50.9,51.64,664844
1/26/2015 16:00:00,51.83,52.16,51.25,51.47,214792
1/27/2015 16:00:00,51.27,52.95,51.24,52.54,762240
1/28/2015 16:00:00,52.56,53.62,52.49,52.75,581460
1/29/2015 16:00:00,52.83,53.68,52.57,53.26,441413
1/30/2015 16:00:00,53.04,54.11,52.91,53.37,522844
2/2/2015 16:00:00,53.54,54.26,53.09,53.6,305016
2/3/2015 16:00:00,54.07,54.09,52.66,53.05,483240
2/4/2015 16:00:00,53.07,53.45,52.41,52.62,480939
2/5/2015 16:00:00,52.77,53.69,51.83,52.17,564950
2/6/2015 16:00:00,52.41,52.74,51.42,51.96,387002
2/9/2015 16:00:00,51.79,52.35,51.23,51.45,311167
2/10/2015 16:00:00,51.67,53.46,51.56,53.16,684389
2/11/2015 16:00:00,53.15,54.19,52.72,53.69,513912
2/12/2015 16:00:00,53.84,53.86,52.93,53.26,399387
2/13/2015 16:00:00,53.36,53.76,52.98,53.28,287971
2/17/2015 16:00:00,53.48,54.3,53.21,54,304040
2/18/2015 16:00:00,53.94,54.13,53.36,53.75,285994
2/19/2015 16:00:00,53.97,54.68,53.69,54.19,329157
2/20/2015 16:00:00,54.3,55.12,54.02,54.84,453619
2/23/2015 16:00:00,54.95,55.44,54.7,55.13,359638
2/24/2015 16:00:00,55.27,55.78,55.03,55.48,444761
2/25/2015 16:00:00,55.48,55.72,54.08,54.4,545394
2/26/2015 16:00:00,56.13,56.54,54.32,54.68,877966
2/27/2015 16:00:00,54.66,54.99,53.6,53.93,756637
3/2/2015 16:00:00,53.64,54.1,52.59,52.92,799968
3/3/2015 16:00:00,52.88,52.92,52.22,52.36,677790
3/4/2015 16:00:00,52.38,53.26,52.11,52.99,637918
3/5/2015 16:00:00,53.09,54,52.63,52.64,480739
3/6/2015 16:00:00,52.59,52.67,51.67,52.01,563523
3/9/2015 16:00:00,51.95,52.33,51.51,52.03,497277
3/10/2015 16:00:00,52.04,52.05,51.11,51.88,824364
3/11/2015 16:00:00,51.74,52.04,51.51,51.88,548349
3/12/2015 16:00:00,51.74,52.84,51.61,52.54,796143
3/13/2015 16:00:00,52.56,52.56,52.02,52.23,389201
3/16/2015 16:00:00,52.38,53.81,52.33,52.76,512031
3/17/2015 16:00:00,52.65,53.37,52.16,53.11,371721
3/18/2015 16:00:00,53.07,54.25,52.65,53.84,591823
3/19/2015 16:00:00,53.69,53.8,52.89,53.26,627200
3/20/2015 16:00:00,53.26,53.84,52.9,53.64,1138013
3/23/2015 16:00:00,53.64,53.84,53.35,53.43,425578
3/24/2015 16:00:00,53.48,54.91,53.47,54.76,775046
3/25/2015 16:00:00,54.76,54.94,53.61,53.81,779121
3/26/2015 16:00:00,53.77,54.11,52.98,53.03,617606
3/27/2015 16:00:00,53.11,53.77,52.25,52.69,401744
3/30/2015 16:00:00,52.39,53.11,52.33,52.56,432280
3/31/2015 16:00:00,52.43,52.71,52.12,52.35,384085
4/1/2015 16:00:00,52.24,52.93,51.72,52.66,758160
4/2/2015 16:00:00,52.68,53.8,52.63,53.58,398058
4/6/2015 16:00:00,53.52,54.28,53.34,53.8,578076
4/7/2015 16:00:00,53.86,54.82,53.86,54.65,333635
4/8/2015 16:00:00,54.59,55.26,54.57,54.67,460268
4/9/2015 16:00:00,54.79,55.42,54.73,55.01,345263
4/10/2015 16:00:00,55,55.13,54.73,54.91,233932
4/13/2015 16:00:00,54.79,55.28,54.78,55.27,295390
4/14/2015 16:00:00,55.15,55.28,54.52,54.61,280467
4/15/2015 16:00:00,54.68,54.68,53.91,53.98,430744
4/16/2015 16:00:00,53.9,54.18,53.32,53.56,415197
4/17/2015 16:00:00,53.52,53.55,52.94,53.34,194173
4/20/2015 16:00:00,53.54,54.02,52.88,53.32,283555
4/21/2015 16:00:00,53.48,54.43,53.47,54.32,501751
4/22/2015 16:00:00,54.48,54.55,53.35,53.61,436983
4/23/2015 16:00:00,53.69,53.69,52.97,53.19,473634
4/24/2015 16:00:00,53.47,53.47,53.09,53.26,215022
4/27/2015 16:00:00,53.43,53.52,52.97,53.24,241068
4/28/2015 16:00:00,53.37,53.43,52.61,52.8,377853
4/29/2015 16:00:00,52.8,52.91,52.36,52.46,475628
4/30/2015 16:00:00,52.11,52.23,51.33,51.85,573822
5/1/2015 16:00:00,51.73,52.53,51.61,52.43,322518
5/4/2015 16:00:00,52.42,53.34,52.38,52.87,278144
5/5/2015 16:00:00,52.88,52.89,51.53,52.17,343810
5/6/2015 16:00:00,53.15,54.02,52.21,53.86,678132
5/7/2015 16:00:00,53.78,54.24,53.32,53.73,704789
5/8/2015 16:00:00,54,54.3,53.8,53.86,319205
5/11/2015 16:00:00,53.94,54.42,53.7,53.88,274257
5/12/2015 16:00:00,53.73,53.8,53.28,53.71,672015
5/13/2015 16:00:00,53.61,53.62,52.47,53.09,591301
5/14/2015 16:00:00,53.26,53.69,52.98,53.58,573236
5/15/2015 16:00:00,53.69,54.36,53.39,54.13,382541
5/19/2015 16:00:00,54.11,54.36,53.64,54.04,411464
5/20/2015 16:00:00,53.95,54.11,53.41,53.82,365618
5/21/2015 16:00:00,53.93,53.97,53.63,53.9,374279
5/22/2015 16:00:00,53.9,53.9,53.31,53.86,297137
5/25/2015 16:00:00,53.69,54.27,53.69,54.14,104958
5/26/2015 16:00:00,54.15,54.36,53.98,54.2,665861
5/27/2015 16:00:00,54.21,54.59,54.03,54.55,558960
5/28/2015 16:00:00,54.47,54.52,53.61,54.22,214378
5/29/2015 16:00:00,54.04,54.04,53.03,53.47,439910
6/1/2015 16:00:00,53.23,53.43,52.85,53.31,309001
6/2/2015 16:00:00,53.33,53.48,52.99,53.32,295166
6/3/2015 16:00:00,53.26,54.25,52.95,54.19,345381
6/4/2015 16:00:00,53.94,54.13,53.58,54.02,286556
6/5/2015 16:00:00,54.05,54.24,53.7,53.82,330858
6/8/2015 16:00:00,53.69,53.82,53.27,53.64,408693
6/9/2015 16:00:00,53.64,53.98,53.31,53.93,587372
6/10/2015 16:00:00,53.69,54.4,53.69,54.3,322026
6/11/2015 16:00:00,54.12,54.32,53.49,53.76,316307
6/12/2015 16:00:00,53.68,53.83,53.37,53.71,307310
6/15/2015 16:00:00,53.61,54.18,53.47,54.07,847770
6/16/2015 16:00:00,53.8,54.48,53.79,54.24,964860
6/17/2015 16:00:00,54.32,54.42,53.83,54.06,527684
6/18/2015 16:00:00,53.93,54.29,53.92,54.11,835998
6/19/2015 16:00:00,53.58,54.4,53.43,53.98,1704452
6/23/2015 16:00:00,54.38,54.85,54.34,54.67,351264
6/24/2015 16:00:00,54.73,55.45,54.45,54.92,543014
6/25/2015 16:00:00,55.15,55.44,54.89,55.31,402821
6/26/2015 16:00:00,55.28,55.5,54.6,54.76,329115
6/29/2015 16:00:00,54.56,54.56,53.16,53.61,413667
6/30/2015 16:00:00,53.6,53.98,53.31,53.33,560675
7/2/2015 16:00:00,53.49,54.07,52.82,53.87,363732
7/3/2015 16:00:00,54.1,54.66,53.82,54.45,179656
7/6/2015 16:00:00,54.11,54.3,53.66,53.89,1024808
7/7/2015 16:00:00,54.02,54.11,53.62,53.9,886997
7/8/2015 16:00:00,53.78,53.91,53.54,53.65,594893
7/9/2015 16:00:00,53.91,54.28,53.35,53.47,575933
7/10/2015 16:00:00,53.84,53.97,53.47,53.93,436137
7/13/2015 16:00:00,54.3,54.91,53.93,54.8,397541
7/14/2015 16:00:00,54.84,56.03,54.55,55.84,607540
7/15/2015 16:00:00,55.86,56.74,55.72,56.7,483743
7/16/2015 16:00:00,56.85,57.36,56.69,57,336363
7/17/2015 16:00:00,57.12,57.61,56.84,57.42,360369
7/20/2015 16:00:00,57.35,57.66,56.99,57.16,287247
7/21/2015 16:00:00,57.3,57.3,56.54,56.88,350635
7/22/2015 16:00:00,56.64,57.2,56.23,57.11,251050
7/23/2015 16:00:00,58.13,59.54,57.87,59.05,1119062
7/24/2015 16:00:00,59.01,59.52,58.78,59.52,775949
7/27/2015 16:00:00,59.29,59.49,59.11,59.48,504960
7/28/2015 16:00:00,59.42,59.48,58.89,58.95,499841
7/29/2015 16:00:00,58.97,59.18,58.56,59.1,575327
7/30/2015 16:00:00,59.21,59.71,58.71,59.62,449652
7/31/2015 16:00:00,59.81,60.45,59.44,60.3,508295
8/4/2015 16:00:00,60.12,61.25,60.03,60.98,429810
8/5/2015 16:00:00,61.21,61.36,60.7,61.04,581418
8/6/2015 16:00:00,61.03,61.24,60.86,61.08,467313
8/7/2015 16:00:00,61.08,61.13,60.31,60.87,387058
8/10/2015 16:00:00,60.82,61.07,59.77,60.8,679622
8/11/2015 16:00:00,60.53,60.85,60.33,60.72,410266
8/12/2015 16:00:00,60.47,60.95,60.45,60.53,735258
8/13/2015 16:00:00,60.93,62.94,60.93,62.06,965074
8/14/2015 16:00:00,61.73,62.83,61.65,62.61,450409
8/17/2015 16:00:00,62.39,62.69,61.97,62.51,261310
8/18/2015 16:00:00,62.38,62.7,62,62.28,298340
8/19/2015 16:00:00,62.31,62.62,61.87,62.08,382458
8/20/2015 16:00:00,61.69,61.82,60.89,60.89,392511
8/21/2015 16:00:00,60.3,60.64,59.99,60.28,540928
8/24/2015 16:00:00,57.93,60.2,57.86,59.3,749586
8/25/2015 16:00:00,60.2,61.08,59.79,59.85,592274
8/26/2015 16:00:00,60.86,60.87,59,60.51,542185
8/27/2015 16:00:00,60.54,60.84,59.87,60.32,475257
8/28/2015 16:00:00,60.04,60.32,59.33,60.11,360808
8/31/2015 16:00:00,60.23,60.91,58.56,59.37,516532
9/1/2015 16:00:00,58.78,59.05,57.98,58.31,522052
9/2/2015 16:00:00,58.68,59.89,58.34,59.35,488707
9/3/2015 16:00:00,59.38,59.94,58.82,59.54,301956
9/4/2015 16:00:00,58.99,59.57,58.31,58.82,279988
9/8/2015 16:00:00,59.56,59.88,58.59,58.76,489164
9/9/2015 16:00:00,59.17,59.37,58.43,58.59,573757
9/10/2015 16:00:00,58.62,58.67,58.11,58.15,420694
9/11/2015 16:00:00,57.88,58.42,57.63,57.75,426745
9/14/2015 16:00:00,57.74,57.85,57.35,57.49,376664
9/15/2015 16:00:00,57.49,57.85,57.13,57.51,936811
9/16/2015 16:00:00,57.67,58.3,57.25,57.96,607116
9/17/2015 16:00:00,57.96,58.34,57.49,57.8,456343
9/18/2015 16:00:00,57.21,58.39,57.21,58.34,2655266
9/21/2015 16:00:00,58.66,58.77,58.1,58.46,575638
9/22/2015 16:00:00,57.93,58.47,57.63,58.34,524773
9/23/2015 16:00:00,58.6,58.62,57.64,58.22,255775
9/24/2015 16:00:00,58.16,58.26,57.52,57.96,303099
9/25/2015 16:00:00,58.3,58.34,57.62,57.8,403304
9/28/2015 16:00:00,57.83,58.33,57.58,57.68,536338
9/29/2015 16:00:00,57.66,58.05,57.32,57.72,459383
9/30/2015 16:00:00,57.84,58.42,57.63,58.09,597494
10/1/2015 16:00:00,58.12,58.34,57.26,57.5,687926
10/2/2015 16:00:00,57.28,57.96,56.83,57.85,575619
10/5/2015 16:00:00,58.19,59.05,57.87,57.94,492715
10/6/2015 16:00:00,58.15,58.28,56.79,56.87,689617
10/7/2015 16:00:00,57.16,57.19,56.22,56.32,458842
10/8/2015 16:00:00,56.62,56.87,56.11,56.47,406371
10/9/2015 16:00:00,56.65,56.66,56.03,56.03,388742
10/13/2015 16:00:00,56.41,57.59,56.19,57.09,762047
10/14/2015 16:00:00,57.06,58,56.69,57.49,608495
10/15/2015 16:00:00,57.67,58.67,57.4,58.34,720649
10/16/2015 16:00:00,58.73,59,58.07,58.07,398537
10/19/2015 16:00:00,58.06,58.86,57.96,58.82,287559
10/20/2015 16:00:00,58.87,59.17,58.56,58.69,327045
10/21/2015 16:00:00,58.89,59.76,58.77,59.66,494603
10/22/2015 16:00:00,59.89,60.99,59.89,60.95,472085
10/23/2015 16:00:00,61.39,61.39,59.92,60.18,667841
10/26/2015 16:00:00,60.3,60.33,59.53,59.61,393117
10/27/2015 16:00:00,59.47,60.22,59.07,59.44,384565
10/28/2015 16:00:00,59.6,60.07,59.21,60.05,445158
10/29/2015 16:00:00,59.9,59.9,58.81,59.3,303385
10/30/2015 16:00:00,59.22,59.59,57.86,58.25,871744
11/2/2015 16:00:00,58.32,58.38,57.57,57.83,409280
11/3/2015 16:00:00,58,58.23,57.62,58.12,355675
11/4/2015 16:00:00,58.73,58.95,58.23,58.47,370349
11/5/2015 16:00:00,58.52,58.95,58.44,58.9,376816
11/6/2015 16:00:00,59,59.03,57.31,57.74,531375
11/9/2015 16:00:00,57.71,57.73,56.41,57.03,342747
11/10/2015 16:00:00,57.08,57.1,56.37,56.73,578651
11/11/2015 16:00:00,57.22,57.22,56.57,56.8,240236
11/12/2015 16:00:00,56.65,56.74,56.06,56.32,402553
11/13/2015 16:00:00,56.21,56.92,56.06,56.4,477576
11/16/2015 16:00:00,56.63,57.98,56.31,57.92,378252
11/18/2015 16:00:00,59.55,59.84,58.99,59.46,628399
11/19/2015 16:00:00,58.62,58.77,57,57.91,1346428
11/24/2015 16:00:00,58.34,59.18,58.34,58.83,1219796
11/25/2015 16:00:00,58.81,60.09,58.81,59.48,682983
11/26/2015 16:00:00,59.68,59.69,58.55,58.62,265584
11/27/2015 16:00:00,58.57,58.57,56.65,57.09,1088860
11/30/2015 16:00:00,57.27,57.3,56.86,57,1139208
12/1/2015 16:00:00,56.87,57.33,56.78,56.98,1659318
12/2/2015 16:00:00,56.98,57.3,56.1,56.48,939382
12/3/2015 16:00:00,56.65,56.72,55.83,56.05,413665
12/4/2015 16:00:00,56.17,56.5,55.89,56.34,449400
12/7/2015 16:00:00,56.39,57.14,56.02,56.81,740232
12/9/2015 16:00:00,55.41,55.54,55.06,55.33,1018232
12/10/2015 16:00:00,55.17,56.01,55,55.61,766573
12/11/2015 16:00:00,55.07,55.24,54.45,54.62,887210
12/14/2015 16:00:00,54.78,55.52,54.47,55.23,867194
12/15/2015 16:00:00,55.38,55.85,54.98,55.59,624012
12/16/2015 16:00:00,55.78,55.93,55.16,55.82,440286
12/17/2015 16:00:00,55.81,55.95,54.62,55.21,654120
12/18/2015 16:00:00,54.95,55.35,54.69,54.86,1867107
12/21/2015 16:00:00,54.95,55.73,54.92,55.36,435407
12/22/2015 16:00:00,55.5,55.5,54.43,55.33,422033
12/23/2015 16:00:00,55.53,55.61,54.74,55.54,436108
12/24/2015 16:00:00,55.53,56.03,55.39,55.69,278277
12/29/2015 16:00:00,55.94,56.93,55.72,56.65,409681
12/30/2015 16:00:00,56.65,56.71,55.97,56.11,271861
12/31/2015 16:00:00,55.94,55.95,54.91,55.24,366968
1/4/2016 16:00:00,54.51,55.21,54.35,54.82,625699
1/5/2016 16:00:00,54.77,54.97,53.9,54.11,616854
1/6/2016 16:00:00,53.71,55.77,53.48,55.56,800260
1/7/2016 16:00:00,55.1,55.59,55.06,55.41,800060
1/8/2016 16:00:00,55.42,55.82,55.1,55.17,338504
1/11/2016 16:00:00,55.38,55.38,53.94,54.18,593583
1/12/2016 16:00:00,54.27,54.88,53.52,53.92,776205
1/13/2016 16:00:00,54.33,54.6,53.43,53.61,496477
1/14/2016 16:00:00,53.59,55.27,53.47,55.19,500647
1/15/2016 16:00:00,53.69,55.23,53.69,55.17,520449
1/18/2016 16:00:00,54.53,54.95,53.26,53.52,394493
1/19/2016 16:00:00,54.08,54.11,53.05,53.49,770950
1/20/2016 16:00:00,52.93,53.46,51.78,52.66,771368
1/21/2016 16:00:00,53,54.23,52.94,53.97,715306
1/22/2016 16:00:00,54.65,54.93,54.32,54.76,443826
1/25/2016 16:00:00,54.9,55.77,54.79,55.17,572286
1/26/2016 16:00:00,55.36,55.76,54.68,54.75,905658
1/27/2016 16:00:00,55.12,55.33,54.37,54.68,454779
1/28/2016 16:00:00,54.95,55.16,54.41,54.95,727079
1/29/2016 16:00:00,55.12,55.73,54.82,55.62,742137
2/1/2016 16:00:00,55.92,55.92,54.65,55.01,552304
2/2/2016 16:00:00,54.72,55.04,54.32,54.71,436677
2/3/2016 16:00:00,55,55.55,54.66,55.35,374336
2/4/2016 16:00:00,55.74,55.76,54.84,54.94,282871
2/5/2016 16:00:00,54.96,55.06,54.12,54.3,304802
2/8/2016 16:00:00,54.11,54.27,53.18,53.4,875984
2/9/2016 16:00:00,52.94,54.05,52.91,53.97,520623
2/10/2016 16:00:00,54.08,54.89,53.97,54.16,561044
2/11/2016 16:00:00,53.45,53.86,53.15,53.54,444424
2/12/2016 16:00:00,53.7,54.11,53.42,54,329272
2/16/2016 16:00:00,54.35,54.79,53.97,54.39,481326
2/17/2016 16:00:00,54.67,55.12,54.3,54.95,712051
2/18/2016 16:00:00,55.1,56.38,54.97,56.22,702219
2/19/2016 16:00:00,55.89,56.27,55.46,56.14,327197
2/22/2016 16:00:00,56.1,57.03,56.1,56.81,599411
2/23/2016 16:00:00,56.65,57.13,56.52,56.95,423181
2/24/2016 16:00:00,56.42,57.33,56.14,57.1,620927
2/25/2016 16:00:00,56.27,57.28,55.39,56.81,602679
2/26/2016 16:00:00,56.81,58.51,56.81,58.12,598543
2/29/2016 16:00:00,57.65,58.73,57.63,58.11,847325
3/1/2016 16:00:00,57.94,59.44,57.26,59.32,875941
3/2/2016 16:00:00,58.98,59.12,57.5,58.72,1177128
3/3/2016 16:00:00,58.77,59.27,58.25,59.02,598852
3/4/2016 16:00:00,59.02,59.82,58.57,59.36,703611
3/7/2016 16:00:00,59,60.59,58.67,60.09,647185
3/8/2016 16:00:00,60.07,61.01,59.82,60.79,830699
3/9/2016 16:00:00,60.79,60.87,59.82,59.88,985807
3/10/2016 16:00:00,59.99,60.02,58.54,58.89,1011852
3/11/2016 16:00:00,59.27,60.33,59.08,59.67,679558
3/14/2016 16:00:00,59.77,60.42,59.01,60.03,721801
3/15/2016 16:00:00,60.03,61.25,59.87,61.06,748648
3/16/2016 16:00:00,60.81,62.39,60.81,61.68,743719
3/17/2016 16:00:00,61.72,63.06,61.3,62.77,521665
3/18/2016 16:00:00,62.71,62.95,61.31,61.5,1534225
3/21/2016 16:00:00,61.5,62.14,61.45,61.71,513173
3/22/2016 16:00:00,61.41,62.36,61.3,61.84,725282
3/23/2016 16:00:00,62.51,62.51,61.59,62.21,541761
3/24/2016 16:00:00,61.84,62.77,61.84,62.49,637823
3/28/2016 16:00:00,62.8,62.99,62.12,62.55,333878
3/29/2016 16:00:00,62.51,63.05,62.25,62.51,502773
3/30/2016 16:00:00,62.61,62.84,62.02,62.4,575905
3/31/2016 16:00:00,62.35,62.65,61.34,61.48,765714
4/1/2016 16:00:00,61.41,61.81,60.75,61.3,672820
4/4/2016 16:00:00,61.46,61.7,61.18,61.51,394876
4/6/2016 16:00:00,59.82,59.82,58.09,58.65,1199886
4/7/2016 16:00:00,58.47,58.69,58.18,58.51,1225809
4/8/2016 16:00:00,58.74,59,58.25,58.47,544529
4/11/2016 16:00:00,58.49,58.73,58.34,58.42,339183
4/12/2016 16:00:00,58.87,58.95,58.23,58.46,767972
4/13/2016 16:00:00,58.71,58.95,58.34,58.56,761857
4/14/2016 16:00:00,58.64,59.83,58.59,59.71,1019942
4/15/2016 16:00:00,59.61,59.95,59.39,59.79,820593
4/18/2016 16:00:00,59.6,59.95,59.28,59.55,689957
4/19/2016 16:00:00,60,60,58.98,59.61,823773
4/20/2016 16:00:00,59.93,59.96,59.43,59.67,909988
4/21/2016 16:00:00,59.78,59.86,58.57,58.93,460007
4/22/2016 16:00:00,59.07,59.18,58.22,58.65,422356
4/25/2016 16:00:00,58.51,58.83,58.34,58.68,292624
4/26/2016 16:00:00,58.77,59.41,58.55,58.62,303197
4/27/2016 16:00:00,58.62,59.54,58.34,59.44,401118
4/28/2016 16:00:00,59.24,59.35,58.95,59.11,312776
4/29/2016 16:00:00,59.09,59.09,58.34,58.53,472004
5/2/2016 16:00:00,58.73,59.08,58.34,58.67,372297
5/3/2016 16:00:00,58.34,58.72,57.89,58.72,548143
5/4/2016 16:00:00,59.15,59.83,58.02,59.42,957875
5/5/2016 16:00:00,59.52,59.52,58.5,58.56,379713
5/6/2016 16:00:00,58.36,58.53,58.08,58.23,373836
5/9/2016 16:00:00,58.22,58.68,58.09,58.35,576746
5/10/2016 16:00:00,58.6,59.16,58.42,58.95,403410
5/11/2016 16:00:00,58.87,58.89,58,58.34,500058
5/12/2016 16:00:00,58.64,58.75,58.08,58.73,546962
5/13/2016 16:00:00,58.69,59.05,58.62,58.79,412393
5/16/2016 16:00:00,58.79,59.8,58.79,59.59,509958
5/17/2016 16:00:00,59.4,59.42,58.17,58.47,407364
5/18/2016 16:00:00,58.56,58.63,58.04,58.52,396335
5/19/2016 16:00:00,58.4,58.45,57.73,58.32,387239
5/20/2016 16:00:00,58.46,59.82,58.46,59.33,432783
5/24/2016 16:00:00,59.41,60.46,59.4,60.05,440191
5/25/2016 16:00:00,60.1,60.24,59.82,59.93,336706
5/26/2016 16:00:00,60.06,60.72,60.04,60.37,324253
5/27/2016 16:00:00,60.37,60.58,60.15,60.27,659736
5/30/2016 16:00:00,60.41,60.54,60.31,60.44,152635
5/31/2016 16:00:00,60.57,60.61,60.09,60.09,677993
6/1/2016 16:00:00,60.06,60.39,59.72,60.09,294283
6/2/2016 16:00:00,59.92,60.46,59.91,60.39,264993
6/3/2016 16:00:00,60.37,61.23,60.18,61.19,568259
6/6/2016 16:00:00,61.19,61.62,61.02,61.23,860697
6/7/2016 16:00:00,61.34,61.44,60.97,61.35,923462
6/8/2016 16:00:00,61.35,61.41,60.72,61.13,891779
6/9/2016 16:00:00,60.91,60.91,60.16,60.61,910341
6/10/2016 16:00:00,60.25,60.37,59.05,59.29,781141
6/13/2016 16:00:00,58.97,59.39,58.67,59.37,574026
6/14/2016 16:00:00,59.3,59.43,58.95,59.01,894504
6/15/2016 16:00:00,59.15,59.16,58.66,58.69,615243
6/16/2016 16:00:00,58.62,58.78,57.74,58.41,983743
6/17/2016 16:00:00,58.31,58.62,57.88,58.02,1834769
6/20/2016 16:00:00,58.5,58.69,58.21,58.23,604007
6/21/2016 16:00:00,58.63,58.95,58.37,58.41,560924
6/22/2016 16:00:00,58.56,58.58,57.99,58.05,648672
6/23/2016 16:00:00,58.34,58.62,58.14,58.33,600179
6/24/2016 16:00:00,57.47,58.25,57.11,57.72,305259
6/27/2016 16:00:00,57.14,57.9,57.11,57.69,738252
6/28/2016 16:00:00,58.05,58.32,57.47,58.04,478194
6/29/2016 16:00:00,58.17,58.5,58.04,58.45,447469
6/30/2016 16:00:00,58.46,58.72,58.02,58.43,598563
7/4/2016 16:00:00,58.72,58.79,58.34,58.51,153364
7/5/2016 16:00:00,58.49,59.27,58.49,59.18,477878
7/6/2016 16:00:00,59.11,59.22,58.64,58.89,274620
7/7/2016 16:00:00,58.99,59.18,58.28,58.62,290852
7/8/2016 16:00:00,58.82,59.19,58.53,58.59,334320
7/11/2016 16:00:00,58.67,59.35,58.34,59.13,475024
7/12/2016 16:00:00,59.36,59.9,59.32,59.81,379767
7/13/2016 16:00:00,59.81,60.26,59.77,59.81,308411
7/14/2016 16:00:00,60.02,60.38,59.78,60.03,272350
7/15/2016 16:00:00,60.12,60.21,59.69,59.89,264645
7/18/2016 16:00:00,59.96,60.08,59.71,59.94,269546
7/19/2016 16:00:00,59.97,60.53,59.9,60.45,217154
7/20/2016 16:00:00,60.61,60.99,60.49,60.77,566901
7/21/2016 16:00:00,60.82,60.82,59.98,60.32,596105
7/22/2016 16:00:00,60.45,60.45,60.02,60.21,466369
7/25/2016 16:00:00,60.3,60.55,59.68,59.77,524974
7/26/2016 16:00:00,59.71,60.37,59.66,59.9,740091
7/27/2016 16:00:00,61.42,62.76,60.82,62.1,1606580
7/28/2016 16:00:00,61.94,62.23,61.32,61.84,696131
7/29/2016 16:00:00,61.72,62.33,61.32,61.57,724717
8/2/2016 16:00:00,61.53,61.81,61.14,61.59,521423
8/3/2016 16:00:00,61.54,62.42,61.51,62.27,538830
8/4/2016 16:00:00,62.17,62.44,60.8,61.35,349983
8/5/2016 16:00:00,61.53,61.98,61.33,61.57,440946
8/8/2016 16:00:00,61.62,61.73,60.97,61.7,374422
8/9/2016 16:00:00,61.57,62.55,61.57,62.28,459367
8/10/2016 16:00:00,62.44,62.44,61.5,61.7,342890
8/11/2016 16:00:00,61.93,62.23,61.32,61.42,414375
8/12/2016 16:00:00,61.3,61.4,60.77,61.02,277033
8/15/2016 16:00:00,60.95,61.37,60.95,61.3,376221
8/16/2016 16:00:00,61.18,62.17,60.97,61.83,787788
8/17/2016 16:00:00,61.84,62.13,61.62,61.84,816097
8/18/2016 16:00:00,61.81,61.87,60.4,60.53,939152
8/19/2016 16:00:00,60.59,60.61,59.98,60.11,863232
8/22/2016 16:00:00,60.31,60.97,60.03,60.71,823225
8/23/2016 16:00:00,60.71,61.38,60.7,60.91,806605
8/24/2016 16:00:00,61,61.16,60.64,60.83,799741
8/25/2016 16:00:00,60.86,60.92,59.6,60.1,916396
8/26/2016 16:00:00,60.11,60.38,59.77,60.26,422305
8/29/2016 16:00:00,60.31,60.75,60.2,60.65,619990
8/30/2016 16:00:00,60.57,60.65,59.92,60.02,647218
8/31/2016 16:00:00,60.12,60.43,59.86,60.32,1079749
9/1/2016 16:00:00,60.08,60.76,60.08,60.48,406340
9/2/2016 16:00:00,60.61,61.09,60.48,60.82,355600
9/6/2016 16:00:00,60.75,60.79,60.2,60.64,442243
9/7/2016 16:00:00,60.53,60.7,59.8,60.02,602643
9/8/2016 16:00:00,59.98,59.98,58.84,59.09,1363552
9/9/2016 16:00:00,58.84,58.92,57.58,58,788591
9/12/2016 16:00:00,57.69,58,57.11,57.91,902054
9/13/2016 16:00:00,57.38,57.77,57.17,57.56,1618695
9/14/2016 16:00:00,57.54,58.36,57.38,57.88,1587425
9/15/2016 16:00:00,57.74,58.47,57.74,58.39,831026
9/16/2016 16:00:00,58.47,58.47,57.62,57.89,1810458
9/19/2016 16:00:00,57.9,58.4,57.85,58.21,704542
9/20/2016 16:00:00,58.38,58.94,58.38,58.56,455494
9/21/2016 16:00:00,58.63,58.87,58.17,58.51,475191
9/22/2016 16:00:00,58.69,59.05,58.57,58.72,526854
9/23/2016 16:00:00,58.72,58.77,57.96,58.14,567630
9/26/2016 16:00:00,58.02,58.02,56.95,57.2,549935
9/27/2016 16:00:00,57.27,57.53,56.98,57.33,454257
9/28/2016 16:00:00,57.5,57.9,57.15,57.28,414442
9/29/2016 16:00:00,57.18,57.48,56.81,57.2,307723
9/30/2016 16:00:00,57.43,57.5,56.87,57.07,566871
10/3/2016 16:00:00,57.07,57.14,56.71,56.98,308645
10/4/2016 16:00:00,56.91,57.15,56.2,56.62,451824
10/5/2016 16:00:00,56.6,56.71,56.16,56.33,351179
10/6/2016 16:00:00,56.32,56.35,55.89,56.26,896430
10/7/2016 16:00:00,56.22,56.35,55.63,56.1,440514
10/11/2016 16:00:00,56.08,56.26,55.72,55.86,586957
10/12/2016 16:00:00,55.8,56.38,55.57,56.21,453693
10/13/2016 16:00:00,56.16,56.29,55.72,56.12,745641
10/14/2016 16:00:00,56.3,56.5,56.01,56.24,562737
10/17/2016 16:00:00,56.31,56.37,55.96,56.23,242966
10/18/2016 16:00:00,56.32,56.7,56.16,56.46,385836
10/19/2016 16:00:00,56.54,56.87,56.05,56.71,469261
10/20/2016 16:00:00,56.67,56.85,56.4,56.74,426622
10/21/2016 16:00:00,56.69,56.69,55.65,55.83,800634
10/24/2016 16:00:00,55.88,56.25,55.46,56.05,305956
10/25/2016 16:00:00,56.05,56.39,55.83,55.93,423051
10/26/2016 16:00:00,55.96,56.78,55.83,56.54,744904
10/27/2016 16:00:00,56.54,56.65,56.21,56.35,369630
10/28/2016 16:00:00,56.36,56.54,55.9,56.37,421913
10/31/2016 16:00:00,56.45,56.56,55.91,55.95,554727
11/1/2016 16:00:00,56,56.26,55.51,55.67,485561
11/2/2016 16:00:00,55.55,55.55,54.98,55.06,725568
11/3/2016 16:00:00,55.18,55.28,54.94,54.98,664554
11/4/2016 16:00:00,55.01,55.01,54.29,54.48,913887
11/7/2016 16:00:00,54.78,54.9,54.47,54.84,359761
11/8/2016 16:00:00,54.88,54.95,54.44,54.91,310269
11/9/2016 16:00:00,54.24,54.99,54.21,54.84,384349
11/10/2016 16:00:00,55,55,54.04,54.18,611781
11/11/2016 16:00:00,54.16,54.23,53.67,53.68,477583
11/14/2016 16:00:00,53.74,54.12,52.7,53.99,749085
11/15/2016 16:00:00,54.42,54.79,54.1,54.79,726296
11/16/2016 16:00:00,56.84,57.28,56.27,56.57,1947216
11/17/2016 16:00:00,56.65,58.08,56.6,57.69,947095
11/18/2016 16:00:00,57.73,58.09,57.47,57.9,580812
11/21/2016 16:00:00,57.96,58.55,57.89,58.43,614819
11/22/2016 16:00:00,58.54,58.9,58.19,58.4,614718
11/23/2016 16:00:00,58.4,58.94,58.18,58.56,466465
11/24/2016 16:00:00,58.56,58.88,58.22,58.23,179351
11/25/2016 16:00:00,58.26,58.83,58.05,58.57,323118
11/28/2016 16:00:00,58.56,58.8,58.32,58.53,563634
11/29/2016 16:00:00,58.53,59.19,58.53,59.11,786014
11/30/2016 16:00:00,58.98,59.18,58.38,59,894810
12/1/2016 16:00:00,59.19,59.68,58.48,58.56,747685
12/2/2016 16:00:00,58.55,59.27,58.5,58.82,504232
12/5/2016 16:00:00,58.97,59.17,58.63,58.67,654314
12/6/2016 16:00:00,58.67,58.91,58.47,58.67,483770
12/7/2016 16:00:00,58.62,59.22,58.31,59.11,1015084
12/8/2016 16:00:00,59.22,60.03,59.03,59.91,595148
12/9/2016 16:00:00,60.02,60.48,59.67,60.27,713504
12/12/2016 16:00:00,60.04,60.44,59.62,60.19,752252
12/13/2016 16:00:00,59.99,60.95,59.95,60.39,501714
12/14/2016 16:00:00,60.35,60.82,59.74,59.87,616932
12/15/2016 16:00:00,59.77,60.3,59.68,59.71,526366
12/16/2016 16:00:00,59.9,60.45,59.62,59.62,1789834
12/19/2016 16:00:00,59.64,59.89,59.54,59.79,332006
12/20/2016 16:00:00,59.86,60.03,59.55,59.66,248193
12/21/2016 16:00:00,59.55,59.83,59.2,59.66,242808
12/22/2016 16:00:00,59.63,59.76,59.24,59.74,459849
12/23/2016 16:00:00,59.76,59.84,59.45,59.71,249243
12/28/2016 16:00:00,59.68,59.95,59.56,59.86,423833
12/29/2016 16:00:00,59.83,60.3,59.74,60.24,353062
12/30/2016 16:00:00,60.26,60.4,59.79,59.89,249345
1/3/2017 16:00:00,60.01,60.1,59.5,59.85,289975
1/4/2017 16:00:00,59.78,60.21,59.63,59.97,285575
1/5/2017 16:00:00,59.99,60.22,59.67,59.76,368200
1/6/2017 16:00:00,59.74,59.74,59.24,59.61,261019
1/9/2017 16:00:00,59.47,59.54,59.19,59.27,267263
1/10/2017 16:00:00,59.27,59.39,59,59.22,303326
1/11/2017 16:00:00,59.25,59.33,58.92,59.3,322519
1/12/2017 16:00:00,59.2,59.23,58.74,58.97,315301
1/13/2017 16:00:00,59.01,59.23,58.93,59.01,428240
1/16/2017 16:00:00,59.13,59.13,58.76,59.05,121496
1/17/2017 16:00:00,59.02,59.05,58.66,58.81,300750
1/18/2017 16:00:00,58.82,59.6,58.81,59.31,560715
1/19/2017 16:00:00,59.23,59.28,58.82,58.99,319593
1/20/2017 16:00:00,59.03,59.79,59.01,59.52,510376
1/23/2017 16:00:00,59.38,59.43,58.37,59,347707
1/24/2017 16:00:00,58.98,59.11,58.24,58.89,479267
1/25/2017 16:00:00,58.89,59.09,58.63,59.06,466241
1/26/2017 16:00:00,59.01,59.17,58.57,58.8,366736
1/27/2017 16:00:00,58.8,59.14,58.67,58.8,312599
1/30/2017 16:00:00,58.79,58.79,57.85,57.93,530205
1/31/2017 16:00:00,57.88,57.95,57.19,57.82,619490
2/1/2017 16:00:00,57.85,57.91,57.34,57.34,429292
2/2/2017 16:00:00,57.37,57.45,56.71,56.98,408145
2/3/2017 16:00:00,57.47,57.47,56.75,57.12,376592
2/6/2017 16:00:00,57.09,57.1,56.58,57.1,325750
2/7/2017 16:00:00,57.09,57.52,57.05,57.38,262761
2/8/2017 16:00:00,57.29,57.74,57.11,57.63,431859
2/9/2017 16:00:00,57.72,58.17,57.55,57.91,385351
2/10/2017 16:00:00,58.04,58.04,57.32,57.48,437164
2/13/2017 16:00:00,57.63,57.63,57.11,57.4,303375
2/14/2017 16:00:00,57.35,57.58,56.99,57.46,245833
2/15/2017 16:00:00,57.51,57.9,57.3,57.84,344400
2/16/2017 16:00:00,57.84,57.88,57.38,57.87,279710
2/17/2017 16:00:00,57.81,57.83,57.49,57.65,252365
2/21/2017 16:00:00,57.49,58.34,57.39,58.34,421417
2/22/2017 16:00:00,58.18,58.32,57.87,58.27,529897
2/23/2017 16:00:00,58.76,60.48,58.38,60.07,3491292
2/24/2017 16:00:00,59.98,59.98,59.23,59.46,620659
2/27/2017 16:00:00,59.45,59.46,58.61,58.91,1439269
2/28/2017 16:00:00,58.93,59.27,58.56,58.56,906362
3/1/2017 16:00:00,58.76,59.13,58.53,58.53,577605
3/2/2017 16:00:00,58.55,59.34,58.13,59.11,463061
3/3/2017 16:00:00,59.06,59.14,58.76,59.06,439689
3/6/2017 16:00:00,59.08,59.34,58.6,59.17,523117
3/7/2017 16:00:00,59.2,59.84,59.07,59.5,672531
3/8/2017 16:00:00,59.51,60.13,59.36,59.74,565427
3/9/2017 16:00:00,59.66,60.08,59.61,59.71,485169
3/10/2017 16:00:00,59.66,60.06,59.49,59.84,487004
3/13/2017 16:00:00,59.74,60.39,59.5,60.31,726587
3/14/2017 16:00:00,60.1,60.3,59.61,59.62,540650
3/15/2017 16:00:00,59.7,60.53,59.51,60.33,349118
3/16/2017 16:00:00,60.31,60.86,60.24,60.42,518938
3/17/2017 16:00:00,60.25,60.48,59.88,59.89,2042877
3/20/2017 16:00:00,59.94,60.17,59.35,59.78,684530
3/21/2017 16:00:00,59.79,60.37,59.49,59.74,614020
3/22/2017 16:00:00,59.58,60.56,59.57,60.37,545522
3/23/2017 16:00:00,60.21,61.41,60.14,61.08,542292
3/24/2017 16:00:00,60.86,61.67,60.81,61.37,808520
3/27/2017 16:00:00,61.36,61.69,61.29,61.64,503018
3/28/2017 16:00:00,61.55,62.2,61.38,61.46,576458
3/29/2017 16:00:00,61.41,61.44,60.98,61.15,433526
3/30/2017 16:00:00,61.23,61.27,60.82,61.05,499364
3/31/2017 16:00:00,61,61.69,61,61.01,467871
4/3/2017 16:00:00,60.94,61.35,60.37,60.54,548257
4/4/2017 16:00:00,60.53,60.65,60.45,60.53,417529
4/5/2017 16:00:00,60.4,60.7,60.12,60.2,439446
4/6/2017 16:00:00,60.36,60.41,59.72,59.77,387179
4/7/2017 16:00:00,59.85,59.85,59.47,59.55,389832
4/10/2017 16:00:00,59.44,60.18,59.4,59.96,542351
4/11/2017 16:00:00,59.76,60.11,59.39,60.04,242645
4/12/2017 16:00:00,59.92,60.69,59.67,60.61,452367
4/13/2017 16:00:00,60.52,61.08,60.28,60.44,373329
4/17/2017 16:00:00,60.64,61.7,60.64,61.38,301264
4/18/2017 16:00:00,61.16,61.96,61.14,61.65,445007
4/19/2017 16:00:00,61.63,61.77,61.04,61.3,467725
4/20/2017 16:00:00,61.2,62.06,61.19,61.67,376839
4/21/2017 16:00:00,61.61,62.04,61.29,62.04,318131
4/24/2017 16:00:00,62.04,62.73,62.04,62.29,463825
4/25/2017 16:00:00,62.23,63.59,62.22,63.2,728035
4/26/2017 16:00:00,63.18,64.16,62.91,64,677286
4/27/2017 16:00:00,63.84,64.58,63.49,64.17,556126
4/28/2017 16:00:00,64.18,64.89,63.89,64.77,582918
5/1/2017 16:00:00,64.73,64.73,64.01,64.36,446838
5/2/2017 16:00:00,64.38,66.12,64.31,65.09,723589
5/3/2017 16:00:00,65.07,65.71,64.33,64.98,940604
5/4/2017 16:00:00,64.98,66.68,64.98,65.57,1041149
5/5/2017 16:00:00,65.58,66.25,64.96,65.94,663849
5/8/2017 16:00:00,65.89,66.66,65.64,65.93,658438
5/9/2017 16:00:00,65.85,66.22,65.27,65.68,695835
5/10/2017 16:00:00,65.51,66.08,65.41,65.9,810359
5/11/2017 16:00:00,65.64,66.01,64.86,65.18,1379867
5/12/2017 16:00:00,65.16,65.72,65.06,65.33,501124
5/15/2017 16:00:00,65.41,65.95,65.35,65.79,566448
5/16/2017 16:00:00,66.01,66.43,65.68,65.73,531885
5/17/2017 16:00:00,65.6,65.63,64.31,64.41,794580
5/18/2017 16:00:00,64.41,65.02,63.79,64.37,649106
5/19/2017 16:00:00,64.28,64.96,64.1,64.89,500512
5/23/2017 16:00:00,64.87,65.19,64.32,64.49,586855
5/24/2017 16:00:00,64.52,64.7,63.87,64.31,486005
5/25/2017 16:00:00,64.32,64.64,64.04,64.25,438730
5/26/2017 16:00:00,64.21,64.61,63.88,64.19,458732
5/29/2017 16:00:00,64.06,64.53,63.8,64.02,246460
5/30/2017 16:00:00,63.87,65.05,63.87,64.36,569928
5/31/2017 16:00:00,64.33,64.99,64.33,64.55,578565
6/1/2017 16:00:00,64.55,65.38,64.36,65.09,666821
6/2/2017 16:00:00,65.17,65.39,64.94,65.35,478935
6/5/2017 16:00:00,65.1,65.27,64.61,65.03,435484
6/6/2017 16:00:00,65.07,65.56,64.69,64.99,506501
6/7/2017 16:00:00,64.93,65.4,64.74,64.99,572982
6/8/2017 16:00:00,65.09,65.18,64.36,64.96,531321
6/9/2017 16:00:00,64.96,65.16,63.85,64.26,596515
6/12/2017 16:00:00,64.14,64.88,63.7,63.87,621333
6/13/2017 16:00:00,63.63,64.08,63.54,63.8,558712
6/14/2017 16:00:00,63.85,64.07,63.52,63.72,678102
6/15/2017 16:00:00,63.48,63.91,63.17,63.82,666207
6/16/2017 16:00:00,63.14,63.24,60.12,61.54,3223617
6/19/2017 16:00:00,61.81,61.87,61,61.36,793712
6/20/2017 16:00:00,61.39,61.78,61.22,61.36,574654
6/21/2017 16:00:00,61.29,61.79,61.06,61.58,617587
6/22/2017 16:00:00,61.51,62.01,61.46,61.7,662246
6/23/2017 16:00:00,61.5,62.24,61.03,61.74,524870
6/26/2017 16:00:00,61.73,62.01,61.64,61.79,240583
6/27/2017 16:00:00,61.77,62.14,61.69,61.99,419268
6/28/2017 16:00:00,62.24,62.56,61.66,61.79,354770
6/29/2017 16:00:00,61.42,61.51,60.59,61.02,421954
6/30/2017 16:00:00,61.04,61.19,60.56,60.99,398035
7/4/2017 16:00:00,60.64,60.97,60.12,60.51,258230
7/5/2017 16:00:00,60.5,60.69,60.26,60.41,404718
7/6/2017 16:00:00,60.32,60.44,60.05,60.19,454712
7/7/2017 16:00:00,60.04,60.09,59.66,59.94,1020952
7/10/2017 16:00:00,59.7,60.29,59.7,60.06,426697
7/11/2017 16:00:00,59.89,59.99,59.67,59.86,321402
7/12/2017 16:00:00,59.94,60.59,59.88,60.06,397652
7/13/2017 16:00:00,60.07,60.42,59.79,60.34,430666
7/14/2017 16:00:00,60.19,60.37,59.93,60.25,366955
7/17/2017 16:00:00,60.19,60.2,59.86,59.93,477017
7/18/2017 16:00:00,59.59,60.12,59.51,60.03,388087
7/19/2017 16:00:00,60.04,60.69,60.02,60.25,335657
7/20/2017 16:00:00,60.64,60.66,60.15,60.64,234361
7/21/2017 16:00:00,60.32,60.52,60.04,60.32,405733
7/24/2017 16:00:00,60.17,60.17,59.61,59.9,308234
7/25/2017 16:00:00,59.71,60.64,59.71,60.44,312467
7/26/2017 16:00:00,60.65,60.65,57.49,58.17,1936224
7/27/2017 16:00:00,57.88,58.55,57.72,58.12,925711
7/28/2017 16:00:00,57.91,57.95,57.51,57.54,849418
7/31/2017 16:00:00,57.5,57.91,57.3,57.41,657939
8/1/2017 16:00:00,57.43,57.65,57.03,57.25,666216
8/2/2017 16:00:00,57.09,58.21,57.09,57.82,889855
8/3/2017 16:00:00,57.93,58.26,57.36,57.46,605845
8/4/2017 16:00:00,57.59,57.82,57.39,57.58,451065
8/8/2017 16:00:00,57.46,58.03,57.46,57.76,555554
8/9/2017 16:00:00,57.55,57.91,57.44,57.51,561606
8/10/2017 16:00:00,57.45,57.58,57.08,57.47,614659
8/11/2017 16:00:00,57.39,57.89,57.3,57.47,482270
8/14/2017 16:00:00,57.58,58.45,57.54,58.02,526647
8/15/2017 16:00:00,57.89,58.01,57.56,57.83,342532
8/16/2017 16:00:00,57.91,58.38,57.7,57.72,458875
8/17/2017 16:00:00,57.64,58.23,57.54,57.69,398368
8/18/2017 16:00:00,57.64,57.67,57.16,57.34,436750
8/21/2017 16:00:00,57.22,57.81,57.22,57.59,392269
8/22/2017 16:00:00,57.59,57.71,57.33,57.4,610675
8/23/2017 16:00:00,57.17,57.7,57.14,57.42,644350
8/24/2017 16:00:00,57.32,57.55,56.62,56.66,656655
8/25/2017 16:00:00,56.68,56.71,56.1,56.59,727712
8/28/2017 16:00:00,56.38,57.08,56.22,56.87,501771
8/29/2017 16:00:00,56.59,57.17,56.31,57.11,420983
8/30/2017 16:00:00,57.14,57.25,56.81,56.94,526284
8/31/2017 16:00:00,56.89,57.3,56.81,57.26,702907
9/1/2017 16:00:00,55.8,56.87,55.13,55.23,1156874
9/5/2017 16:00:00,55.12,55.4,54.73,54.88,864852
9/6/2017 16:00:00,54.94,55.42,54.79,55.23,779195
9/7/2017 16:00:00,55.34,55.69,55,55.15,710722
9/8/2017 16:00:00,55.13,55.23,54.66,54.7,587495
9/11/2017 16:00:00,54.79,55.44,54.78,55.33,499787
9/12/2017 16:00:00,55.33,55.59,55,55.23,533653
9/13/2017 16:00:00,55.17,55.43,54.96,54.96,519216
9/14/2017 16:00:00,54.95,56.21,54.95,55.61,730187
9/15/2017 16:00:00,55.61,56.97,55.06,56.4,2709268
9/18/2017 16:00:00,56.5,56.59,56.05,56.53,676119
9/19/2017 16:00:00,56.56,57.03,56.12,56.33,989657
9/20/2017 16:00:00,56.24,56.66,56.24,56.52,469026
9/21/2017 16:00:00,56.48,56.7,56.43,56.54,385782
9/22/2017 16:00:00,56.58,56.98,56.04,56.11,746584
9/25/2017 16:00:00,55.95,56.62,55.9,56.4,524093
9/26/2017 16:00:00,56.45,56.86,56.39,56.74,479549
9/27/2017 16:00:00,56.8,56.98,56.26,56.76,918545
9/28/2017 16:00:00,56.62,57.6,56.57,57.19,780402
9/29/2017 16:00:00,57.34,57.94,57.15,57.58,702118
10/2/2017 16:00:00,57.7,57.93,57.49,57.85,356469
10/3/2017 16:00:00,58.12,58.59,58.05,58.13,664556
10/4/2017 16:00:00,58.19,58.54,58.04,58.37,570597
10/5/2017 16:00:00,58.43,58.54,58.25,58.4,464637
10/6/2017 16:00:00,58.41,58.62,58.26,58.55,405852
10/10/2017 16:00:00,58.59,58.73,58.32,58.48,376265
10/11/2017 16:00:00,58.48,58.62,58.22,58.25,327211
10/12/2017 16:00:00,58.32,58.5,58.09,58.1,308238
10/13/2017 16:00:00,58,58.55,58,58.46,426706
10/16/2017 16:00:00,58.34,58.47,58.12,58.25,243366
10/17/2017 16:00:00,58.21,58.46,57.97,58.29,253890
10/18/2017 16:00:00,58.24,58.34,57.76,57.85,325042
10/19/2017 16:00:00,57.58,58.26,57.58,57.99,237965
10/20/2017 16:00:00,58.06,58.23,57.43,57.66,392281
10/23/2017 16:00:00,57.68,58.04,57.61,58.04,357512
10/24/2017 16:00:00,58.06,58.42,57.94,58.09,233917
10/25/2017 16:00:00,57.91,58.05,57.58,57.79,378383
10/26/2017 16:00:00,57.78,58.11,57.35,57.4,435994
10/27/2017 16:00:00,57.49,57.58,56.87,57.14,510871
10/30/2017 16:00:00,56.96,57.3,56.91,57.09,278856
10/31/2017 16:00:00,57.07,57.24,56.26,56.29,621467
11/1/2017 16:00:00,56.23,56.87,55.99,56.63,772449
11/2/2017 16:00:00,56.65,57.31,56.65,56.98,656840
11/3/2017 16:00:00,56.99,57.05,56.3,56.68,408171
11/6/2017 16:00:00,56.59,56.98,56.45,56.59,393477
11/7/2017 16:00:00,56.43,56.81,56.28,56.3,512660
11/8/2017 16:00:00,56.41,57.14,56.29,57.08,763207
11/9/2017 16:00:00,56.76,57.58,56.76,57.53,349224
11/10/2017 16:00:00,57.47,58.49,57.46,58.4,572280
11/13/2017 16:00:00,58.11,58.71,58.04,58.14,371651
11/14/2017 16:00:00,58.04,58.51,57.69,58.46,286647
11/15/2017 16:00:00,59.1,59.51,58.35,58.56,790359
11/16/2017 16:00:00,58.34,58.88,58.29,58.47,602777
11/17/2017 16:00:00,58.48,58.84,58.38,58.54,378743
11/20/2017 16:00:00,58.51,58.76,58.34,58.4,322304
11/21/2017 16:00:00,58.34,58.56,58.17,58.29,299423
11/22/2017 16:00:00,58.18,58.37,57.7,57.91,389812
11/23/2017 16:00:00,57.72,57.87,57.62,57.69,185192
11/24/2017 16:00:00,57.7,57.79,57.59,57.7,213449
11/27/2017 16:00:00,57.64,57.83,57.54,57.67,269339
11/28/2017 16:00:00,57.72,57.98,57.58,57.62,424192
11/29/2017 16:00:00,57.6,57.8,57.27,57.64,400228
11/30/2017 16:00:00,57.59,58.07,57.41,57.43,684921
12/1/2017 16:00:00,57.49,57.83,57.29,57.52,498597
12/4/2017 16:00:00,57.41,57.72,57.33,57.41,261094
12/5/2017 16:00:00,57.49,57.61,57.41,57.47,284398
12/6/2017 16:00:00,57.41,58.18,57.41,57.93,425590
12/7/2017 16:00:00,57.91,58.18,57.38,57.45,458444
12/8/2017 16:00:00,57.43,57.72,57.29,57.65,277822
12/11/2017 16:00:00,57.66,57.97,57.54,57.74,333398
12/12/2017 16:00:00,57.86,58.45,57.63,58.39,576394
12/13/2017 16:00:00,58.34,58.4,57.56,57.68,718721
12/14/2017 16:00:00,57.52,57.98,57.26,57.4,443714
12/15/2017 16:00:00,57.5,58.03,57.14,57.64,1881289
12/18/2017 16:00:00,57.72,58.47,57.58,58.18,424484
12/19/2017 16:00:00,58.23,58.45,57.87,58.04,493662
12/20/2017 16:00:00,57.63,57.93,57.52,57.65,467372
12/21/2017 16:00:00,57.52,58.04,57.5,57.75,455438
12/22/2017 16:00:00,57.63,57.95,57.52,57.63,599897
12/27/2017 16:00:00,57.49,57.77,57.49,57.57,358243
12/28/2017 16:00:00,57.64,57.74,57.35,57.58,320438
12/29/2017 16:00:00,57.63,57.85,57.52,57.68,291984
1/2/2018 16:00:00,57.4,58.04,56.95,57.99,486740
1/3/2018 16:00:00,57.89,57.9,57.3,57.41,559329
1/4/2018 16:00:00,57.45,57.91,57.25,57.42,417339
1/5/2018 16:00:00,57.18,57.69,57.18,57.42,417634
1/8/2018 16:00:00,57.48,57.49,56.67,56.86,457984
1/9/2018 16:00:00,56.86,57.65,56.77,57.37,587718
1/10/2018 16:00:00,57.12,57.27,56.65,57.09,512849
1/11/2018 16:00:00,57,57.13,56.61,56.78,490195
1/12/2018 16:00:00,56.7,57.14,56.61,56.97,372587
1/15/2018 16:00:00,56.86,57.46,56.86,57.38,353602
1/16/2018 16:00:00,57.61,57.64,57.14,57.45,675671
1/17/2018 16:00:00,57.37,57.99,57.37,57.95,603198
1/18/2018 16:00:00,57.67,58.59,57.63,58.51,890909
1/19/2018 16:00:00,58.34,58.66,58.06,58.17,753998
1/22/2018 16:00:00,57.98,58.89,57.98,58.56,678034
1/23/2018 16:00:00,58.63,59.05,58.26,58.62,620154
1/24/2018 16:00:00,58.72,58.95,58.36,58.56,585581
1/25/2018 16:00:00,58.49,58.7,58.36,58.41,514854
1/26/2018 16:00:00,58.48,59.11,58.42,58.93,607400
1/29/2018 16:00:00,58.45,58.93,58.45,58.52,403888
1/30/2018 16:00:00,58.14,58.27,55.78,56.67,1148895
1/31/2018 16:00:00,56.65,56.68,56.17,56.33,797501
2/1/2018 16:00:00,56.32,56.34,55.15,55.36,972497
2/2/2018 16:00:00,55.29,55.41,54.69,54.97,668699
2/5/2018 16:00:00,54.93,55.32,54.7,54.84,671554
2/6/2018 16:00:00,54.46,54.96,53.6,54.73,883350
2/7/2018 16:00:00,54.72,55.2,54.4,54.91,534116
2/8/2018 16:00:00,54.74,55.39,53.89,53.98,552468
2/9/2018 16:00:00,54.21,54.4,53.52,54.1,695169
2/12/2018 16:00:00,54.3,55.05,54.25,54.91,642037
2/13/2018 16:00:00,54.71,54.9,54.1,54.4,574850
2/14/2018 16:00:00,54.21,54.77,53.91,54.54,347590
2/15/2018 16:00:00,54.95,54.95,53.98,54.72,397193
2/16/2018 16:00:00,54.57,55.72,54.54,55.7,445706
2/20/2018 16:00:00,55.52,55.88,55.07,55.6,454030
2/21/2018 16:00:00,55.48,55.6,54.35,55.22,485813
2/22/2018 16:00:00,55.12,55.18,54.08,54.24,727739
2/23/2018 16:00:00,54.17,54.84,54.14,54.84,351985
2/26/2018 16:00:00,54.86,56.1,54.68,55.28,831933
2/27/2018 16:00:00,55.17,57.02,55.15,55.95,706350
2/28/2018 16:00:00,55.93,56.5,55.66,55.73,956851
3/1/2018 16:00:00,55.48,55.9,54.76,54.97,744553
3/2/2018 16:00:00,54.69,55.35,54.3,54.75,595008
3/5/2018 16:00:00,54.62,55.46,54.54,55.19,747773
3/6/2018 16:00:00,55.22,55.95,54.7,55.77,703679
3/7/2018 16:00:00,55.77,56.29,55.39,55.45,551454
3/8/2018 16:00:00,55.45,56.12,55.44,55.83,449872
3/9/2018 16:00:00,55.95,56.3,55.77,56.22,492034
3/12/2018 16:00:00,56.16,57.17,56.16,56.61,624758
3/13/2018 16:00:00,56.68,56.92,56.46,56.58,457947
3/14/2018 16:00:00,56.4,56.9,56.14,56.41,409741
3/15/2018 16:00:00,56.54,56.66,55.78,55.98,540887
3/16/2018 16:00:00,56,56.77,55.64,55.64,1479965
3/19/2018 16:00:00,55.57,56.1,55.55,55.99,428422
3/20/2018 16:00:00,55.99,56.53,55.52,56.28,714982
3/21/2018 16:00:00,56.25,56.46,55.62,55.73,610047
3/22/2018 16:00:00,55.56,55.69,54.97,54.99,404403
3/23/2018 16:00:00,55.15,55.28,53.97,54.02,399184
3/26/2018 16:00:00,54.3,54.49,53.85,54.25,284996
3/27/2018 16:00:00,54.28,54.36,53.38,53.67,501475
3/28/2018 16:00:00,53.75,54.78,53.74,54.53,412535
3/29/2018 16:00:00,54.58,55.17,54.58,55.03,348729
4/2/2018 16:00:00,54.96,55.15,54.39,54.49,262653
4/3/2018 16:00:00,54.6,54.67,53.96,54.33,453029
4/4/2018 16:00:00,54.18,54.91,53.85,54.6,442802
4/5/2018 16:00:00,54.76,54.78,54.13,54.62,400799
4/6/2018 16:00:00,54.46,54.92,54.18,54.2,272406
4/9/2018 16:00:00,54.35,55.43,54.22,55.35,348284
4/10/2018 16:00:00,55.6,55.61,54.22,54.28,286479
4/11/2018 16:00:00,54.24,54.51,53.85,53.91,307182
4/12/2018 16:00:00,54.04,54.08,53.69,53.97,283222
4/13/2018 16:00:00,53.97,54.01,53.42,53.51,298447
4/16/2018 16:00:00,53.57,53.73,53.29,53.64,190757
4/17/2018 16:00:00,53.68,54.21,53.57,53.77,383775
4/18/2018 16:00:00,53.69,54.85,53.68,54.73,353163
4/19/2018 16:00:00,54.76,55.38,54.66,55.23,382088
4/20/2018 16:00:00,55.33,55.77,55.11,55.33,311202
4/23/2018 16:00:00,55.5,56.35,55.49,55.99,693297
4/24/2018 16:00:00,56.01,56.2,54.51,54.56,414776
4/25/2018 16:00:00,54.62,55.19,54.33,55.06,330143
4/26/2018 16:00:00,55.08,55.84,55.03,55.36,323393
4/27/2018 16:00:00,55.49,55.98,55.44,55.77,115578
4/30/2018 16:00:00,55.92,55.93,55.09,55.21,404989
5/1/2018 16:00:00,55.26,55.56,54.86,55.43,396934
5/2/2018 16:00:00,56.23,56.25,55.07,55.33,351812
5/3/2018 16:00:00,55.17,55.38,54.66,54.66,431740
5/4/2018 16:00:00,54.62,54.92,54.29,54.76,388949
5/7/2018 16:00:00,54.84,55.43,54.73,55.01,566889
5/8/2018 16:00:00,55.07,55.74,55.07,55.47,488584
5/9/2018 16:00:00,55.39,55.72,54.97,55.23,413429
5/10/2018 16:00:00,55.28,56.07,55.19,56.07,633918
5/11/2018 16:00:00,56.01,56.57,55.44,55.64,623296
5/14/2018 16:00:00,55.72,56.32,55.69,55.95,473093
5/15/2018 16:00:00,55.94,56.48,55.33,55.95,654718
5/16/2018 16:00:00,55.99,56.5,55.53,55.59,677092
5/17/2018 16:00:00,55.62,56.19,55.36,55.43,709265
5/18/2018 16:00:00,55.47,55.83,55.36,55.61,487730
5/22/2018 16:00:00,55.69,55.88,55.04,55.4,415700
5/23/2018 16:00:00,55.25,55.99,55.25,55.69,381521
5/24/2018 16:00:00,55.75,55.87,55.27,55.44,397653
5/25/2018 16:00:00,55.45,55.99,55.44,55.77,381493
5/28/2018 16:00:00,55.73,55.94,55.18,55.41,199396
5/29/2018 16:00:00,55.25,56.22,55.19,55.86,888291
5/30/2018 16:00:00,56.02,56.48,55.77,56.35,484922
5/31/2018 16:00:00,56.19,56.7,56.02,56.69,1645901
6/1/2018 16:00:00,56.67,57.36,56.52,56.75,454043
6/4/2018 16:00:00,56.65,56.81,56.23,56.5,415660
6/5/2018 16:00:00,56.56,56.93,56.16,56.42,296850
6/6/2018 16:00:00,56.43,56.45,55.44,55.47,504965
6/7/2018 16:00:00,55.46,55.72,54.5,54.52,511233
6/8/2018 16:00:00,54.51,55.27,54.27,55.27,471820
6/11/2018 16:00:00,55.36,55.83,55.28,55.5,389961
6/12/2018 16:00:00,55.57,55.78,55.24,55.77,301783
6/13/2018 16:00:00,55.75,55.86,55.29,55.46,299573
6/14/2018 16:00:00,55.12,55.92,55.01,55.61,316121
6/15/2018 16:00:00,55.51,56.46,55.26,55.99,1772707
6/18/2018 16:00:00,55.85,56.47,55.5,56.37,306394
6/19/2018 16:00:00,56.3,56.39,55.82,55.99,320722
6/20/2018 16:00:00,56.25,57.52,56.14,57.45,485182
6/21/2018 16:00:00,57.29,57.43,56.84,56.97,392830
6/22/2018 16:00:00,57.03,57.27,56.89,57.01,297207
6/25/2018 16:00:00,56.98,57.15,56.7,57.01,730500
6/26/2018 16:00:00,57.14,57.95,56.81,57.48,797738
6/27/2018 16:00:00,57.63,58.23,57.43,57.77,550045
6/28/2018 16:00:00,57.5,57.7,56.74,57.11,366338
6/29/2018 16:00:00,57.25,57.31,56.89,57.15,300634
7/3/2018 16:00:00,57.3,57.4,56.7,56.81,323019
7/4/2018 16:00:00,56.77,56.91,56.65,56.73,133169
7/5/2018 16:00:00,56.67,56.81,56.05,56.1,346798
7/6/2018 16:00:00,56.13,56.7,56.05,56.6,400256
7/9/2018 16:00:00,56.6,56.98,56.49,56.65,308419
7/10/2018 16:00:00,56.81,57.13,56.59,56.91,435904
7/11/2018 16:00:00,56.76,57.71,56.69,57.58,582690
7/12/2018 16:00:00,57.6,58.7,57.6,58.52,1411041
7/13/2018 16:00:00,58.52,58.77,58.36,58.49,261508
7/16/2018 16:00:00,58.46,58.87,58.4,58.75,863889
7/17/2018 16:00:00,58.67,59.11,58.47,58.95,401967
7/18/2018 16:00:00,58.95,59.13,58.61,58.61,1323356
7/19/2018 16:00:00,58.52,58.95,58.46,58.84,217140
7/20/2018 16:00:00,58.78,58.86,58.38,58.61,338834
7/23/2018 16:00:00,58.72,58.72,58.39,58.67,286370
7/24/2018 16:00:00,58.63,58.78,57.96,58.13,324142
7/25/2018 16:00:00,57.58,58.06,57.28,57.94,319226
7/26/2018 16:00:00,58.38,58.94,58.13,58.87,430619
7/27/2018 16:00:00,58.86,59.09,58.34,58.6,343320
7/30/2018 16:00:00,58.63,58.72,58.07,58.12,306543
7/31/2018 16:00:00,58.11,58.23,57.65,58.15,561782
8/1/2018 16:00:00,58.34,58.34,57.14,57.43,479816
8/2/2018 16:00:00,57.46,57.69,56.93,57.49,272352
8/3/2018 16:00:00,57.41,57.59,57.15,57.53,240379
8/7/2018 16:00:00,57.68,57.73,56.82,56.89,507922
8/8/2018 16:00:00,56.87,57.36,56.69,57.25,318724
8/9/2018 16:00:00,57.24,57.63,57.15,57.63,430609
8/10/2018 16:00:00,57.44,57.56,56.39,56.72,498604
8/13/2018 16:00:00,56.65,57.15,56.65,56.94,445928
8/14/2018 16:00:00,57.03,58.38,57.03,58.13,568799
8/15/2018 16:00:00,58.01,58.02,57.09,57.7,528494
8/16/2018 16:00:00,57.9,58.56,57.86,58.34,533365
8/17/2018 16:00:00,58.25,58.71,57.88,58.6,212865
8/20/2018 16:00:00,58.59,58.67,58.12,58.2,446252
8/21/2018 16:00:00,58.19,58.52,58.12,58.16,347928
8/22/2018 16:00:00,58.14,58.19,57.54,57.55,394266
8/23/2018 16:00:00,57.6,57.93,57.56,57.84,292831
8/24/2018 16:00:00,57.75,57.83,57.51,57.52,240909
8/27/2018 16:00:00,57.63,57.91,57.38,57.47,296876
8/28/2018 16:00:00,57.47,57.76,56.65,57.31,577793
8/29/2018 16:00:00,57.3,58.03,57.16,57.36,485754
8/30/2018 16:00:00,57.41,57.52,57.29,57.48,310836
8/31/2018 16:00:00,57.41,57.6,56.86,57.07,745967
9/4/2018 16:00:00,57.04,57.04,56,56,470971
9/5/2018 16:00:00,56.65,58.84,56.54,58.56,1912690
9/6/2018 16:00:00,58.58,58.61,57.3,57.54,645651
9/7/2018 16:00:00,57.48,57.58,56.48,57.32,613223
9/10/2018 16:00:00,57.47,57.52,56.98,57.25,346707
9/11/2018 16:00:00,57.29,58.03,56.9,57.91,781693
9/12/2018 16:00:00,57.9,57.9,57.16,57.48,473287
9/13/2018 16:00:00,57.13,57.3,56.87,57.01,251619
9/14/2018 16:00:00,57.08,57.08,56.01,56.18,424773
9/17/2018 16:00:00,56.18,56.82,56.1,56.43,365997
9/18/2018 16:00:00,56.38,57.76,56.38,57.62,444132
9/19/2018 16:00:00,57.59,57.89,57.4,57.64,601604
9/20/2018 16:00:00,57.58,58.1,57.4,58.02,482624
9/21/2018 16:00:00,58,58.05,57.5,57.62,1856756
9/24/2018 16:00:00,57.68,57.85,57.13,57.29,499515
9/25/2018 16:00:00,57.44,57.58,56.38,56.38,462285
9/26/2018 16:00:00,56.37,56.74,56.13,56.32,591297
9/27/2018 16:00:00,56.39,56.8,56.17,56.27,470089
9/28/2018 16:00:00,56.28,56.53,56,56.1,512035
10/1/2018 16:00:00,56.24,56.7,54.93,55.12,675642
10/2/2018 16:00:00,55.13,55.45,54.55,54.95,620853
10/3/2018 16:00:00,55.04,55.31,54.6,54.7,375515
10/4/2018 16:00:00,54.6,54.6,53.65,54.35,467526
10/5/2018 16:00:00,54.24,54.46,53.7,53.83,327337
10/9/2018 16:00:00,53.87,54.47,53.52,54.04,390915
10/10/2018 16:00:00,54.02,54.04,53.35,53.47,386441
10/11/2018 16:00:00,53.26,53.66,52.92,52.98,618220
10/12/2018 16:00:00,53.28,53.86,52.86,53.71,606893
10/15/2018 16:00:00,53.64,53.9,53.28,53.75,488129
10/16/2018 16:00:00,53.77,54.14,53.47,53.97,500903
10/17/2018 16:00:00,53.28,54.41,53.28,54.31,620612
10/18/2018 16:00:00,54.2,54.67,54.19,54.56,568133
10/19/2018 16:00:00,54.57,55.83,54.51,55.72,554131
10/22/2018 16:00:00,55.72,55.77,55.1,55.29,471706
10/23/2018 16:00:00,54.85,55.55,54.59,55.36,451237
10/24/2018 16:00:00,55.39,55.7,55.16,55.5,475490
10/25/2018 16:00:00,55.51,55.66,54.83,54.92,442533
10/26/2018 16:00:00,54.79,55.06,54,54.64,430257
10/29/2018 16:00:00,54.8,55.5,54.73,54.92,435300
10/30/2018 16:00:00,54.91,55.5,54.67,55.44,301197
10/31/2018 16:00:00,55.62,56.29,55.44,55.66,562289
11/1/2018 16:00:00,55.59,56.83,54.95,55.12,887587
11/2/2018 16:00:00,53.49,55,51.9,52.1,930923
11/5/2018 16:00:00,52.21,54.67,52.15,54.59,978679
11/6/2018 16:00:00,54.65,55.32,54.25,55.31,606908
11/7/2018 16:00:00,56,57.66,55.99,56.81,1011453
11/8/2018 16:00:00,56.78,57.82,55.86,57.7,888080
11/9/2018 16:00:00,57.45,58.42,57.28,58.33,1001938
11/12/2018 16:00:00,57.82,59.11,57.8,58.88,718241
11/13/2018 16:00:00,58.71,58.82,58.43,58.6,633864
11/14/2018 16:00:00,58.24,59.4,58.01,58.71,784545
11/15/2018 16:00:00,58.61,59.13,57.75,58.87,800166
11/16/2018 16:00:00,58.23,59.15,58.23,58.75,540839
11/19/2018 16:00:00,58.75,59.33,58.31,58.79,816494
11/20/2018 16:00:00,58.61,58.92,58.03,58.55,702262
11/21/2018 16:00:00,58.55,61.46,58.55,60.37,1229089
11/22/2018 16:00:00,60.42,61,60.03,60.04,299821
11/23/2018 16:00:00,60.05,61.33,59.84,61,464079
11/26/2018 16:00:00,61.16,61.82,60.88,61.02,917934
11/27/2018 16:00:00,61.03,61.82,61.01,61.13,630683
11/28/2018 16:00:00,61.23,61.71,60.25,60.59,764766
11/29/2018 16:00:00,60.41,61.55,60.34,61.33,1046621
11/30/2018 16:00:00,61.34,61.5,60.55,61.29,759832
12/3/2018 16:00:00,61.5,61.75,60.52,61.46,678165
12/4/2018 16:00:00,61.26,61.94,61.1,61.25,743691
12/5/2018 16:00:00,61.42,63.19,61.27,62.07,959679
12/6/2018 16:00:00,61.58,62.25,60.5,62.03,951019
12/7/2018 16:00:00,62.03,62.03,60.64,61.01,951642
12/10/2018 16:00:00,60.96,62.69,60.78,62.34,861174
12/11/2018 16:00:00,62.34,63.06,61.59,61.72,764045
12/12/2018 16:00:00,62.03,62.05,61.05,61.79,902749
12/13/2018 16:00:00,61.64,62.19,61.33,62.08,607808
12/14/2018 16:00:00,61.88,61.96,60.61,60.7,581179
12/17/2018 16:00:00,60.39,61.94,60.39,60.94,672161
12/18/2018 16:00:00,61,61.75,60.89,61,1162916
12/19/2018 16:00:00,60.78,61.82,60.22,61.13,713869
12/20/2018 16:00:00,61.01,61.59,60.21,60.42,539997
12/21/2018 16:00:00,60.49,61.17,60.21,60.69,1524877
12/24/2018 14:30:00,60.31,60.78,59.86,60.44,382074
12/27/2018 16:00:00,60.73,61.23,60.3,60.74,698762
12/28/2018 16:00:00,61.04,61.17,60.52,60.6,679130
12/31/2018 16:00:00,60.63,61.5,60.24,61.11,365538
1/2/2019 16:00:00,60.97,61.8,60.45,61.05,626674
1/3/2019 16:00:00,60.77,61.11,60.37,60.67,617762
1/4/2019 16:00:00,60.93,61.29,60.51,60.8,444102
1/7/2019 16:00:00,61,61.6,60.47,61.37,724675
1/8/2019 16:00:00,61.55,62.09,61.31,61.85,601122
1/9/2019 16:00:00,61.86,62.65,61.84,62.48,642983
1/10/2019 16:00:00,62.58,63.12,62.36,62.89,596815
1/11/2019 16:00:00,62.92,64.16,62.85,63.86,668076
1/14/2019 16:00:00,63.85,64.36,63.47,64.07,739034
1/15/2019 16:00:00,64.19,64.89,64.19,64.62,567740
1/16/2019 16:00:00,64.68,64.73,63.91,64.18,860772
1/17/2019 16:00:00,64.17,64.73,63.95,64.3,738192
1/18/2019 16:00:00,64.42,64.42,63.59,63.63,1073458
1/21/2019 16:00:00,63.74,64.37,63.55,63.7,381392
1/22/2019 16:00:00,63.85,64.01,63.41,63.93,593207
1/23/2019 16:00:00,63.79,64.53,63.39,63.44,799446
1/24/2019 16:00:00,63.56,64.14,63.24,63.27,815461
1/25/2019 16:00:00,63.66,64,62.67,63.2,547318
1/28/2019 16:00:00,63.09,63.79,62.9,63.56,383404
1/29/2019 16:00:00,63.43,63.8,62.68,63.41,444957
1/30/2019 16:00:00,63.4,63.59,62.67,63.1,579695
1/31/2019 16:00:00,63.25,63.79,63.04,63.63,371793
2/1/2019 16:00:00,63.67,64.16,63.41,63.96,261106
2/4/2019 16:00:00,64.13,64.56,63.9,64.52,331064
2/5/2019 16:00:00,64.61,66.15,64.54,66.05,471777
2/6/2019 16:00:00,66.16,66.68,65.72,66.57,394553
2/7/2019 16:00:00,66.55,66.83,65.95,66.54,382175
2/8/2019 16:00:00,66.55,66.85,66.1,66.63,248252
2/11/2019 16:00:00,66.98,67.01,66.32,66.36,398640
2/12/2019 16:00:00,66.36,67.33,66.27,66.96,456741
2/13/2019 16:00:00,66.95,67.14,66.49,66.52,296691
2/14/2019 16:00:00,66.52,67.34,66.01,66.85,614931
2/15/2019 16:00:00,66.76,67.17,66.5,66.72,472147
2/19/2019 16:00:00,66.88,66.88,66.18,66.69,349719
2/20/2019 16:00:00,66.7,67.18,66.49,66.54,468997
2/21/2019 16:00:00,64.97,65.9,63.01,65.5,1305137
2/22/2019 16:00:00,64.25,65.56,63.96,64.09,995031
2/25/2019 16:00:00,64.25,65.49,64.25,64.95,712690
2/26/2019 16:00:00,64.76,65.63,64.71,65.41,625332
2/27/2019 16:00:00,65.03,65.83,65.03,65.64,501139
2/28/2019 16:00:00,65.54,66.05,65.23,65.54,713491
3/1/2019 16:00:00,65.66,65.98,64.79,64.89,482364
3/4/2019 16:00:00,64.87,65.61,64.86,65.32,435401
3/5/2019 16:00:00,65.38,65.6,64.72,64.77,490474
3/6/2019 16:00:00,64.88,65.05,64.64,64.97,468526
3/7/2019 16:00:00,64.79,66.12,64.64,65.21,626617
3/8/2019 16:00:00,65.18,65.4,64.41,64.78,484759
3/11/2019 16:00:00,64.8,65.58,64.63,64.96,741727
3/12/2019 16:00:00,64.88,65.05,64.61,65,575990
3/13/2019 16:00:00,65.05,65.09,64.85,64.9,710304
3/14/2019 16:00:00,64.73,65.38,64.69,65.01,778545
3/15/2019 16:00:00,65.21,65.72,64.81,65.66,1612952
3/18/2019 16:00:00,65.53,65.63,65,65.47,465237
3/19/2019 16:00:00,65.46,65.46,64.84,65.13,573907
3/20/2019 16:00:00,64.99,65.17,64.69,64.69,374785
3/21/2019 16:00:00,64.6,65.74,64.27,65.73,424878
3/22/2019 16:00:00,65.52,65.82,65.06,65.63,655293
3/25/2019 16:00:00,65.52,66.22,65.16,65.86,429600
3/26/2019 16:00:00,66.22,66.37,65.3,65.54,523893
3/27/2019 16:00:00,65.58,66.45,65.52,66.03,586606
3/28/2019 16:00:00,66.13,66.81,65.94,66.46,428272
3/29/2019 16:00:00,66.34,66.39,65.68,65.92,453124
4/1/2019 16:00:00,66.14,66.25,65.49,65.96,420916
4/2/2019 16:00:00,65.79,66.63,65.39,66.57,375092
4/3/2019 16:00:00,66.68,67.21,66.56,66.98,619372
4/4/2019 16:00:00,67,67.44,66.69,66.87,389482
4/5/2019 16:00:00,66.86,67.07,66.35,66.6,356485
4/8/2019 16:00:00,66.64,66.85,66.2,66.48,367302
4/9/2019 16:00:00,66.3,66.61,66.12,66.5,325443
4/10/2019 16:00:00,66.66,66.8,66.39,66.67,439748
4/11/2019 16:00:00,66.82,67.05,66.54,66.54,429152
4/12/2019 16:00:00,66.78,66.78,66.11,66.4,520707
4/15/2019 16:00:00,66.43,66.64,66.25,66.34,388520
4/16/2019 16:00:00,66.39,66.59,66.17,66.18,401282
4/17/2019 16:00:00,66.26,66.46,65.58,65.85,350175
4/18/2019 16:00:00,65.94,66.41,65.76,66.36,524776
4/22/2019 16:00:00,66.28,66.47,66.15,66.32,153071
4/23/2019 16:00:00,66.43,66.59,65.62,66.06,489047
4/24/2019 16:00:00,66.14,66.14,64.6,64.88,653252
4/25/2019 16:00:00,64.97,65.6,64.97,65.36,293413
4/26/2019 16:00:00,65.34,65.44,64.85,65.12,361877
4/29/2019 16:00:00,65.15,65.6,64.86,65.31,284132
4/30/2019 16:00:00,65.22,65.67,64.78,65.63,441614